id,tracked_days,engagement_level
1503960366,31,High
1624580081,31,High
1644430081,30,High
1844505072,31,High
1927972279,31,High
2022484408,31,High
2026352035,31,High
2320127002,31,High
2347167796,18,Moderate
2873212765,31,High
3372868164,20,Moderate
3977333714,30,High
4020332650,31,High
4057192912,4,Low
4319703577,31,High
4388161847,31,High
4445114986,31,High
4558609924,31,High
4702921684,31,High
5553957443,31,High
5577150313,30,High
6117666160,28,High
6290855005,29,High
6775888955,26,High
6962181067,31,High
7007744171,26,High
7086361926,31,High
8053475328,31,High
8253242879,19,Moderate
8378563200,31,High
8583815059,31,High
8792009665,29,High
8877689391,31,High
